{
	"format_version": "1.8.0",
	"animations": {
		"animation.ecbl_bs.locked_chest_opening": {
			"loop": "hold_on_last_frame",
			"animation_length": 0.7917,
			"bones": {
				"lid": {
					"rotation": {
						"0.0": [0, 0, 0],
						"0.0417": [-2.44195, 0, 0],
						"0.0833": [-8.38834, 0, 0],
						"0.125": [-16.60834, 0, 0],
						"0.1667": [-26.40878, 0, 0],
						"0.2083": [-37.33324, 0, 0],
						"0.25": [-49.02792, 0, 0],
						"0.3333": [-73.32892, 0, 0],
						"0.375": [-84.77374, 0, 0],
						"0.4167": [-92.5, 0, 0],
						"0.4583": [-92.60785, 0, 0],
						"0.5": [-91.59377, 0, 0],
						"0.5417": [-90.34087, 0, 0],
						"0.5833": [-89.7, 0, 0],
						"0.625": [-89.93425, 0, 0],
						"0.75": [-91.2929, 0, 0],
						"0.7917": [-91.5, 0, 0]
					}
				}
			}
		},
		"animation.ecbl_bs.locked_chest_open": {
			"loop": true,
			"animation_length": 0.7917,
			"bones": {
				"lid": {
					"rotation": [-91.5, 0, 0]
				}
			}
		},
		"animation.ecbl_bs.locked_chest_closing": {
			"loop": "hold_on_last_frame",
			"animation_length": 0.7917,
			"bones": {
				"lid": {
					"rotation": {
						"0.0": [-91.5, 0, 0],
						"0.0417": [-88.8796, 0, 0],
						"0.0833": [-81.46043, 0, 0],
						"0.125": [-70.10653, 0, 0],
						"0.1667": [-55.97514, 0, 0],
						"0.2083": [-40.50435, 0, 0],
						"0.25": [-25.36638, 0, 0],
						"0.2917": [-12.3725, 0, 0],
						"0.3333": [-3.34892, 0, 0],
						"0.375": [0, 0, 0],
						"0.4167": [-0.22554, 0, 0],
						"0.4583": [-0.63257, 0, 0],
						"0.5": [-0.91188, 0, 0],
						"0.5417": [-1, 0, 0],
						"0.5833": [-0.91065, 0, 0],
						"0.625": [-0.62331, 0, 0],
						"0.6667": [-0.21164, 0, 0],
						"0.7083": [0, 0, 0]
					}
				}
			}
		},
		"animation.ecbl_bs.locked_chest_close": {
			"loop": true
		}
	}
}