{
	"format_version": "1.8.0",
	"animations": {
		"animation.ecbl_bs.totem_of_the_turtle": {
			"loop": true,
			"animation_length": 2.4583,
			"bones": {
				"totem_of_the_turtle": {
					"rotation": [98.63829, -61.0336, -233.9347],
					"position": {
						"0.0": [13.1825, -18.58589, -14.8713],
						"0.0417": [12.97223, -18.21252, -14.95592],
						"0.0833": [12.4846, -17.42905, -15.10312],
						"0.125": [11.82135, -16.45265, -15.27053],
						"0.1667": [11.02432, -15.37336, -15.44549],
						"0.2083": [10.11084, -14.24209, -15.62046],
						"0.25": [9.08245, -13.09427, -15.78787],
						"0.2917": [7.92241, -11.95955, -15.93507],
						"0.3333": [6.57235, -10.86727, -16.01969],
						"0.375": [5.12689, -9.85999, -15.73466],
						"0.4167": [3.78983, -8.95454, -15.18447],
						"0.4583": [2.57734, -8.14663, -14.54428],
						"0.5": [1.50224, -7.43459, -13.88016],
						"0.5417": [0.57706, -6.8197, -13.22835],
						"0.5833": [-0.1848, -6.30729, -12.61387],
						"0.625": [-0.76806, -5.90881, -12.05726],
						"0.6667": [-1.15506, -5.64708, -11.57791],
						"0.7083": [-1.41206, -5.5077, -11.2258],
						"0.75": [-1.63008, -5.39746, -10.97497],
						"0.7917": [-1.81778, -5.29817, -10.78162],
						"0.8333": [-1.97904, -5.20538, -10.62685],
						"0.875": [-2.11567, -5.1172, -10.50032],
						"0.9167": [-2.22834, -5.03263, -10.39581],
						"0.9583": [-2.31703, -4.95112, -10.30911],
						"1.0": [-2.3811, -4.87235, -10.23734],
						"1.0417": [-2.41946, -4.79622, -10.17837],
						"1.0833": [-2.43049, -4.72274, -10.13061],
						"1.125": [-2.41199, -4.65215, -10.0929],
						"1.1667": [-2.36116, -4.58495, -10.06432],
						"1.2083": [-2.27435, -4.52223, -10.04425],
						"1.25": [-2.14682, -4.46678, -10.03226],
						"1.2917": [-1.97235, -4.43183, -10.02824],
						"1.3333": [-1.76495, -4.41362, -10.06881],
						"1.375": [-1.54373, -4.39259, -10.1586],
						"1.4167": [-1.30808, -4.37776, -10.27842],
						"1.4583": [-1.05708, -4.37143, -10.42138],
						"1.5": [-0.78935, -4.3752, -10.58451],
						"1.5417": [-0.50314, -4.39066, -10.7667],
						"1.5833": [-0.19606, -4.41969, -10.96796],
						"1.625": [0.13511, -4.46463, -11.18925],
						"1.6667": [0.49466, -4.52867, -11.43252],
						"1.7083": [0.88874, -4.6161, -11.70093],
						"1.75": [1.32638, -4.73344, -11.99949],
						"1.7917": [1.82185, -4.89091, -12.33621],
						"1.8333": [2.40023, -5.10656, -12.72489],
						"1.875": [3.11385, -5.41898, -13.19306],
						"1.9167": [4.12119, -5.95208, -13.81306],
						"1.9583": [5.66338, -6.97365, -14.64573],
						"2.0": [7.62065, -8.53502, -15.62959],
						"2.0417": [9.92568, -10.69287, -16.73744],
						"2.0833": [12.51477, -13.46109, -17.88111],
						"2.125": [15.31785, -16.76091, -18.85053],
						"2.1667": [18.23597, -20.37664, -19.27209],
						"2.2083": [21.36278, -24.08588, -19.1245],
						"2.25": [24.59153, -27.74309, -18.85498],
						"2.2917": [27.74795, -31.24496, -18.54525],
						"2.3333": [30.73268, -34.5064, -18.22473],
						"2.375": [33.42766, -37.40768, -17.915],
						"2.4167": [35.6202, -39.72286, -17.64548],
						"2.4583": [36.7161, -40.84434, -17.49789]
					},
					"scale": {
						"0.0": [0, 0, 0],
						"0.0417": [0.20095, 0.20095, 0.20095],
						"0.125": [0.79905, 0.79905, 0.79905],
						"0.1667": [1, 1, 1],
						"0.7083": [1, 1, 1],
						"1.25": [1, 1, 1],
						"1.7917": [1, 1, 1],
						"2.3333": [1, 1, 1],
						"2.375": [0.71793, 0.71793, 0.71793],
						"2.4167": [0.28207, 0.28207, 0.28207],
						"2.4583": [0, 0, 0]
					}
				},
				"bone": {
					"rotation": {
						"0.0": [0, 677.5, 0],
						"0.0417": [-0.06882, 669.14707, 0.05995],
						"0.0833": [-0.23252, 646.95327, 0.16779],
						"0.125": [-0.45561, 614.30404, 0.2939],
						"0.1667": [-0.71961, 573.82501, 0.42991],
						"0.2083": [-1.01339, 527.6042, 0.57193],
						"0.25": [-1.32951, 477.38121, 0.71772],
						"0.2917": [-1.66252, 424.66356, 0.86573],
						"0.375": [-2.36273, 317.02554, 1.16386],
						"0.4167": [-2.72295, 264.54161, 1.31188],
						"0.4583": [-3.08542, 214.52255, 1.45767],
						"0.5": [-3.4463, 168.17001, 1.59969],
						"0.5417": [-3.8007, 126.7484, 1.7357],
						"0.5833": [-4.14147, 91.6273, 1.8618],
						"0.625": [-4.45625, 64.33043, 1.96965],
						"0.6667": [-4.71742, 46.59507, 2.0296],
						"0.7083": [-4.90328, 35.38773, 2.00126],
						"0.75": [-5.05375, 26.04606, 1.94917],
						"0.7917": [-5.18429, 18.23659, 1.88777],
						"0.8333": [-5.30149, 11.71454, 1.82132],
						"0.875": [-5.4089, 6.29634, 1.75184],
						"0.9167": [-5.50868, 1.83771, 1.68052],
						"0.9583": [-5.60223, -1.7735, 1.60821],
						"1.0": [-5.69053, -4.63251, 1.53559],
						"1.0417": [-5.77428, -6.81551, 1.46328],
						"1.0833": [-5.85398, -8.39053, 1.39196],
						"1.125": [-5.92997, -9.4191, 1.32248],
						"1.1667": [-6.00246, -9.96123, 1.25603],
						"1.2083": [-6.07152, -10.0863, 1.19463],
						"1.2917": [-6.19796, -9.67554, 1.1142],
						"1.3333": [-6.23677, -8.88808, 1.1217],
						"1.375": [-6.25423, -7.2517, 1.13548],
						"1.4167": [-6.25951, -5.11358, 1.15172],
						"1.4583": [-6.25562, -2.57495, 1.1693],
						"1.5": [-6.24385, 0.32865, 1.18768],
						"1.5417": [-6.22465, 3.5905, 1.20655],
						"1.5833": [-6.19803, 7.22193, 1.22568],
						"1.625": [-6.16359, 11.2511, 1.24489],
						"1.6667": [-6.12053, 15.72302, 1.26402],
						"1.7083": [-6.06753, 20.70397, 1.28289],
						"1.75": [-6.00254, 26.29114, 1.30127],
						"1.7917": [-5.92213, 32.63378, 1.31885],
						"1.8333": [-5.82021, 39.9704, 1.33509],
						"1.875": [-5.68413, 48.72265, 1.34887],
						"1.9167": [-5.47595, 59.78389, 1.35637],
						"1.9583": [-5.1075, 83.2295, 1.30976],
						"2.0": [-4.64465, 123.11396, 1.21969],
						"2.0417": [-4.14098, 174.10096, 1.11131],
						"2.0833": [-3.61937, 232.41137, 0.99303],
						"2.125": [-3.09314, 295.14107, 0.86907],
						"2.1667": [-2.57193, 359.87833, 0.74213],
						"2.2083": [-2.06408, 424.46571, 0.61424],
						"2.25": [-1.57801, 486.83053, 0.4873],
						"2.2917": [-1.12345, 544.82928, 0.36334],
						"2.3333": [-0.71296, 596.09774, 0.24506],
						"2.375": [-0.36465, 637.84879, 0.13668],
						"2.4167": [-0.10808, 666.55599, 0.04661],
						"2.4583": [0, 677.5, 0]
					},
					"position": [-2.05115, 1.7, 3.27457]
				}
			}
		}
	}
}