{
	"format_version": "1.8.0",
	"animations": {
		"animation.humanoid.citizen.wave": {
			"animation_length": 2,
			"bones": {
				"body": {
					"rotation": {
						"0.0": [0, 0, 0],
						"0.0833": [0, 0, 0]
					},
					"position": {
						"0.0": [0, 0, 0],
						"0.0833": [0, 0, 0]
					},
					"scale": {
						"0.0": [1, 1, 1],
						"0.0833": [1, 1, 1]
					}
				},
				"head": {
					"rotation": {
						"0.0833": [0, 0, 0],
						"0.2917": [0, 0, 7.5],
						"1.875": [0, 0, 0]
					},
					"position": [0, 0, 0],
					"scale": 1
				},
				"jacket": {
					"rotation": {
						"0.0833": [0, 0, 0],
						"0.2917": [0, 0, 0]
					},
					"position": [0, 0, 0],
					"scale": 1
				},
				"rightarm": {
					"rotation": {
						"0.0833": [0, 0, 0],
						"0.3333": [-165.55907, 5.73576, -8.62501],
						"0.5": [-167.89844, 9.78376, -25.8127],
						"0.75": [-165.81563, 6.35388, -11.06095],
						"1.0": [-168.33169, 10.29871, -28.29716],
						"1.25": [-166.09875, 6.96059, -13.50269],
						"1.5": [-168.78798, 10.79465, -30.7896],
						"1.875": [0, 0, 0]
					},
					"position": {
						"0.0833": [0, 0, 0],
						"1.875": [0, 0, 0]
					},
					"scale": 1
				},
				"rightsleeve": {
					"rotation": [0, 0, 0],
					"position": [0, 0, 0],
					"scale": 1
				},
				"leftarm": {
					"rotation": [0, 0, 0],
					"position": [0, 0, 0],
					"scale": 1
				}
			}
		},
		"animation.humanoid.citizen.fistshake": {
			"animation_length": 1.9167,
			"bones": {
				"head": {
					"rotation": {
						"0.0": [0, 0, 0],
						"0.125": [-5, 0, 0],
						"1.5": [0, 0, 0]
					}
				},
				"leftarm": {
					"rotation": {
						"0.0": [0, 0, 0],
						"0.5": [-152.5, -20, 0],
						"0.625": [-142.5, -20, 0],
						"0.75": [-152.5, -20, 0],
						"0.875": [-142.5, -20, 0],
						"1.0": [-152.5, -20, 0],
						"1.125": [-142.5, -20, 0],
						"1.25": [-152.5, -20, 0],
						"1.375": [-142.5, -20, 0],
						"1.9167": [0, 0, 0]
					},
					"position": {
						"0.0": [0, 0, 0],
						"1.9167": [0, 0, 0]
					},
					"scale": 1
				}
			}
		},
		"animation.humanoid.citizen.dance": {
			"animation_length": 1.9167,
			"bones": {
				"head": {
					"rotation": {
						"0.2917": [0, 0, 0],
						"0.5": [22.5, 0, 0],
						"0.6667": [10.83, 0, 0],
						"1.0": [-12.5, 0, 0],
						"1.625": [0, 0, 0]
					},
					"position": {
						"0.2917": [0, 0, 0],
						"0.5": [0, 0, 0],
						"0.6667": [0, 0, 0]
					},
					"scale": {
						"0.5": [1, 1, 1],
						"0.6667": [1, 1, 1]
					}
				},
				"jacket": {
					"rotation": [0, 0, 0],
					"position": [0, 0, 0],
					"scale": 1
				},
				"rightarm": {
					"rotation": {
						"0.0": [0, 0, 0],
						"0.5": [-145.41103, 5.71617, -8.21888],
						"0.6667": [-145.41, 5.72, -8.22],
						"1.0417": [-177.48117, 8.74781, -43.38196],
						"1.125": [-174.95557, 7.58431, -25.74008],
						"1.625": [0, 0, 0]
					},
					"position": {
						"0.0": [0, 0, 0],
						"0.6667": [0, 0, 0],
						"1.625": [0, 0, 0]
					},
					"scale": {
						"0.0": [1, 1, 1],
						"0.6667": [1, 1, 1],
						"1.625": [1, 1, 1]
					}
				},
				"rightsleeve": {
					"rotation": [0, 0, 0],
					"position": [0, 0, 0],
					"scale": 1
				},
				"leftarm": {
					"rotation": {
						"0.0": [0, 0, 0],
						"0.5": [-150.37835, -4.98093, 8.6822],
						"0.6667": [-150.38, -4.98, 8.68],
						"1.0417": [-180.66116, -5.371, 38.80321],
						"1.125": [-179.24441, -5.35856, 23.73684],
						"1.625": [0, 0, 0]
					},
					"position": {
						"0.0": [0, 0, 0],
						"0.6667": [0, 0, 0],
						"1.625": [0, 0, 0]
					},
					"scale": {
						"0.0": [1, 1, 1],
						"0.6667": [1, 1, 1],
						"1.625": [1, 1, 1]
					}
				},
				"leftsleeve": {
					"rotation": [0, 0, 0],
					"position": [0, 0, 0],
					"scale": 1
				},
				"leftleg": {
					"rotation": {
						"0.0": [-17.5, 0, 0],
						"0.4583": [-17.5, 0, 0],
						"0.6667": [-17.5, 0, 0],
						"1.0417": [-50.9165, -24.99786, -12.8471],
						"1.1667": [-88.4165, -24.99786, -12.8471],
						"1.625": [-17.5, 0, 0]
					},
					"position": {
						"0.0": [0, 0, -1.7],
						"0.4583": [0, 0, -1.7],
						"0.6667": [0, 0, -1.7],
						"1.625": [0, 0, -1.7]
					},
					"scale": 1
				}
			}
		},
		"animation.humanoid.citizen.shakehead": {
			"animation_length": 1.5,
			"bones": {
				"head": {
					"rotation": {
						"0.0": [0, 0, 0],
						"0.1667": [18.07779, 14.2906, 4.60659],
						"0.2917": [18.07779, -14.2906, -4.60659],
						"0.4167": [18.07779, 14.2906, 4.60659],
						"0.5417": [18.07779, -14.2906, -4.60659],
						"0.6667": [18.07779, 14.2906, 4.60659],
						"0.7917": [18.07779, -14.2906, -4.60659],
						"0.9167": [18.07779, 14.2906, 4.60659],
						"1.0417": [18.07779, -14.2906, -4.60659],
						"1.375": [0, 0, 0]
					}
				}
			}
		},
		"animation.humanoid.citizen.idle": {
			"loop": true,
			"animation_length": 2.0417,
			"bones": {
				"rightarm": {
					"rotation": {
						"0.0": [0, 0, 0],
						"1.0": [0, 0, 5],
						"2.0": [0, 0, 0]
					}
				},
				"leftarm": {
					"rotation": {
						"0.0": [0, 0, 0],
						"1.0": [0, 0, -5],
						"2.0": [0, 0, 0]
					}
				}
			}
		},
		"animation.humanoid.citizen.arena": {
			"animation_length": 8.2083,
			"bones": {
				"head": {
					"rotation": {
						"0.0": [0, 0, 0],
						"0.8333": [-7.47178, -0.65182, -4.95744],
						"1.7917": [-7.47178, -0.65182, -4.95744],
						"2.8333": [-5.1454, 14.50692, -6.31116],
						"3.875": [-5.1454, 14.50692, -6.31116],
						"5.1667": [20, 7.5, -10],
						"6.125": [10.08453, -7.38542, -1.30962],
						"7.125": [-1.75931, -7.56766, -6.34918],
						"8.1667": [-0.12566, -0.54055, -0.45351],
						"8.2083": [0, 0, 0]
					}
				},
				"rightarm": {
					"rotation": {
						"0.0": [0, 0, 0],
						"0.8333": [-12.01505, 17.46317, 8.66208],
						"2.6667": [-3.15791, 5.57587, 7.63248],
						"3.9167": [0, 0, 0],
						"5.1667": [0, 0, 0],
						"8.2083": [0, 0, 0]
					}
				},
				"leftarm": {
					"rotation": {
						"0.0": [0, 0, 0],
						"0.8333": [0, 0, 0],
						"2.125": [-31.95865, -27.22973, -20.91745],
						"2.9167": [-138.31072, -28.39963, 12.86856],
						"3.5": [0, 0, 0],
						"5.9167": [-12.39638, -1.61888, -7.32417],
						"7.125": [0, 0, 0]
					},
					"position": {
						"0.0": [0, 0, 0],
						"0.8333": [0, 0, 0]
					},
					"scale": {
						"0.0": [1, 1, 1],
						"0.8333": [1, 1, 1]
					}
				},
				"rightleg": {
					"rotation": {
						"0.0": [0, 0, 0],
						"7.125": [-5, 0, 0],
						"8.2083": [0, 0, 0]
					}
				}
			}
		},
		"animation.humanoid.citizen.archerstance": {
			"loop": true,
			"bones": {
				"head": {
					"rotation": [5, 5, -3]
				},
				"rightarm": {
					"rotation": [-82.61219, -13.72984, 7.97022]
				},
				"leftarm": {
					"rotation": [-77.99275, 33.41488, 6.68045]
				}
			}
		},
		"animation.humanoid.citizen.attack": {
			"animation_length": 0.75,
			"bones": {
				"rightarm": {
					"rotation": {
						"0.0": [0, 0, 0],
						"0.25": [-142.6882, 15.39821, -30.98611],
						"0.5": [-32.16841, -20.46689, -42.1348],
						"0.75": [0, 0, 0]
					}
				}
			}
		}
	}
}