{
	"format_version": "1.8.0",
	"animations": {
		"animation.large_boat.bob": {
			"loop": true,
			"animation_length": 4,
			"bones": {
				"bone": {
					"rotation": {
						"0.0": [
							0,
							0,
							0
						],
						"0.6667": [
							2.5,
							0,
							0
						],
						"2.0": [
							0,
							0,
							0
						],
						"3.0": [
							-2.5,
							0,
							0
						],
						"4.0": [
							0,
							0,
							0
						]
					}
				}
			}
		},
		"animation.large_boat.death": {
			"animation_length": 30,
			"bones": {
				"bone": {
					"rotation": {
						"0.0": [
							0,
							0,
							0
						],
						"3.0": [
							-12.39638,
							1.61888,
							7.32417
						],
						"6.0": [
							-24.81604,
							2.46935,
							9.67282
						],
						"9.0": [
							-34.32241,
							6.72989,
							15.86421
						],
						"11.9583": [
							-49.32,
							6.73,
							15.86
						],
						"15.0": [
							-64.32,
							6.73,
							15.86
						],
						"21.0": [
							-74.61856,
							7.39949,
							13.43287
						],
						"30.0": [
							-97.11856,
							7.39949,
							13.43287
						]
					},
					"position": {
						"0.0": [
							0,
							0,
							0
						],
						"3.0": [
							0,
							-9,
							0
						],
						"6.0": [
							0,
							-14,
							0
						],
						"9.0": [
							0,
							-22,
							0
						],
						"11.9583": [
							0,
							-48,
							0
						],
						"15.0": [
							0,
							-73,
							0
						],
						"21.0": [
							0,
							-117,
							0
						],
						"30.0": [
							0,
							-191,
							0
						]
					},
					"scale": {
						"0.0": [
							1,
							1,
							1
						],
						"3.0": [
							1,
							1,
							1
						],
						"6.0": [
							1,
							1,
							1
						],
						"9.0": [
							1,
							1,
							1
						],
						"11.9583": [
							1,
							1,
							1
						],
						"15.0": [
							1,
							1,
							1
						],
						"21.0": [
							1,
							1,
							1
						]
					}
				}
			}
		}
	}
}