{
	"format_version": "1.8.0",
	"animations": {
		"animation.ecbl_bs.item.hold_first_person.mace": {
			"loop": true,
			"animation_length": 1.2917,
			"bones": {
				"hammer": {
					"rotation": [67.27234, 54.68431, -72.58485],
					"position": [8, 16, 3]
				}
			}
		},
		"animation.ecbl_bs.item.hold_third_person.mace": {
			"loop": true,
			"bones": {
				"hammer": {
					"rotation": [72.5, 0, 0],
					"position": [7, 17.2, -3]
				}
			}
		},
		"animation.ecbl_bs.item.attack_first_person.mace": {
			"loop": true,
			"animation_length": 0.8333,
			"bones": {
				"hammer": {
					"rotation": {
						"0.0": [67.27234, 54.68431, -72.58485],
						"0.0417": [53.58135, 54.96385, -72.58485],
						"0.0833": [39.27234, 54.68431, -72.58485],
						"0.125": [85.48092, 53.72549, -76.36201],
						"0.1667": [150.68957, 52.46712, -80.13917],
						"0.2083": [152.88713, 52.28948, -79.35154],
						"0.25": [144.64332, 52.50938, -78.38179],
						"0.2917": [133.83575, 52.81358, -77.37782],
						"0.3333": [121.71443, 53.16108, -76.36201],
						"0.375": [108.80705, 53.53523, -75.3462],
						"0.4167": [95.44398, 53.92619, -74.34223],
						"0.4583": [81.97605, 54.3245, -73.37248],
						"0.5": [69.77234, 54.68431, -72.58485],
						"0.5417": [66.13718, 54.68431, -72.58485],
						"0.5833": [66.32753, 54.68431, -72.58485],
						"0.625": [67.27234, 54.68431, -72.58485]
					},
					"position": {
						"0.0": [8, 16, 3],
						"0.0417": [7.63568, 16.63375, 3.35293],
						"0.0833": [7.33611, 17.2675, 3.71603],
						"0.125": [9.32694, 16.20368, 3.21342],
						"0.1667": [10.97016, 14.49357, 2.38862],
						"0.2083": [10.4754, 13.79364, 2.00642],
						"0.25": [9.75106, 13.63685, 1.80517],
						"0.2917": [9.03595, 13.74965, 1.72748],
						"0.3333": [8.50466, 14.17048, 1.78137],
						"0.375": [8.32134, 14.87153, 2.04441],
						"0.4167": [8.23644, 15.55666, 2.5106],
						"0.4583": [8.19702, 16.18382, 3.05879],
						"0.5": [8.18637, 16.601, 3.44578],
						"0.5417": [8.13779, 16.42631, 3.3884],
						"0.5833": [8.05625, 16.1747, 3.16554],
						"0.625": [8, 16, 3]
					}
				},
				"head": {
					"scale": {
						"0.0": [1, 1, 1],
						"0.0833": [1, 1, 1],
						"0.125": [1, 1, 1.21703],
						"0.1667": [1, 1, 1.3],
						"0.2083": [1, 1, 1.25856],
						"0.25": [1, 1, 1.17562],
						"0.2917": [1, 1, 1.07833],
						"0.3333": [1, 1, 1]
					}
				}
			}
		},
		"animation.ecbl_bs.item.walk_first_person.mace": {
			"loop": true,
			"animation_length": 0.6667,
			"bones": {
				"hammer": {
					"rotation": {
						"0.0": [67.27234, 54.68431, -72.58485],
						"0.0417": [67.07944, 54.68386, -72.58473],
						"0.125": [66.46407, 54.6826, -72.58255],
						"0.1667": [66.27117, 54.68216, -72.58242],
						"0.2083": [66.46362, 54.68171, -72.5823],
						"0.2917": [67.07755, 54.68045, -72.58012],
						"0.3333": [67.27, 54.68, -72.58],
						"0.375": [67.07755, 54.68045, -72.58012],
						"0.4583": [66.46362, 54.68171, -72.5823],
						"0.5": [66.27117, 54.68216, -72.58242],
						"0.5417": [66.46362, 54.68171, -72.5823],
						"0.625": [67.07755, 54.68045, -72.58012],
						"0.6667": [67.27, 54.68, -72.58]
					},
					"position": {
						"0.0": [8, 16, 3],
						"0.0417": [7.93361, 16.04158, 2.9908],
						"0.0833": [7.97515, 16.12285, 2.97152],
						"0.125": [8.06211, 16.20915, 2.94467],
						"0.1667": [8.15878, 16.26049, 2.90664],
						"0.2083": [8.22057, 16.26376, 2.83016],
						"0.25": [8.23354, 16.26879, 2.73379],
						"0.2917": [8.19598, 16.27344, 2.64327],
						"0.3333": [8.08652, 16.2758, 2.59202],
						"0.375": [8.00401, 16.27341, 2.64054],
						"0.4167": [8.01593, 16.26874, 2.72616],
						"0.4583": [8.07518, 16.26368, 2.82141],
						"0.5": [8.15879, 16.26048, 2.90665],
						"0.5417": [8.20752, 16.20605, 2.94753],
						"0.5833": [8.19277, 16.12005, 2.97329],
						"0.625": [8.12559, 16.04073, 2.99131],
						"0.6667": [8, 16, 3]
					}
				}
			}
		},
		"animation.ecbl_bs.item.run_first_person.mace": {
			"loop": true,
			"animation_length": 0.5,
			"bones": {
				"hammer": {
					"rotation": {
						"0.0": [71.87234, 54.68431, -72.58485],
						"0.0417": [70.99213, 54.68366, -72.5846],
						"0.0833": [69.55138, 54.68281, -72.58268],
						"0.125": [68.67117, 54.68216, -72.58242],
						"0.1667": [69.55073, 54.6815, -72.58217],
						"0.2083": [70.99044, 54.68065, -72.58025],
						"0.25": [71.87, 54.68, -72.58],
						"0.2917": [70.99044, 54.68065, -72.58025],
						"0.3333": [69.55073, 54.6815, -72.58217],
						"0.375": [68.67117, 54.68216, -72.58242],
						"0.4167": [69.55073, 54.6815, -72.58217],
						"0.4583": [70.99044, 54.68065, -72.58025],
						"0.5": [71.87, 54.68, -72.58]
					},
					"position": {
						"0.0": [8, 16, 3],
						"0.0417": [7.93952, 16.06571, 2.98531],
						"0.0833": [8.03126, 16.18189, 2.95435],
						"0.125": [8.15878, 16.26049, 2.90664],
						"0.1667": [8.22992, 16.26536, 2.79929],
						"0.2083": [8.21464, 16.27206, 2.67104],
						"0.25": [8.08652, 16.2758, 2.59202],
						"0.2917": [8.00072, 16.27203, 2.66648],
						"0.3333": [8.05238, 16.26531, 2.78982],
						"0.375": [8.15879, 16.26048, 2.90665],
						"0.4167": [8.20881, 16.17839, 2.95704],
						"0.4583": [8.15345, 16.06418, 2.98622],
						"0.5": [8, 16, 3]
					}
				}
			}
		}
	}
}