{"format_version":"1.8.0","animations":{"animation.steamroller.idle":{"loop":true,"animation_length":1.04,"bones":{"Character":{"rotation":{"0.0":[0,0,0],"1.04":[0,0,0]},"position":{"0.0":[0,0,0],"0.16":[0,0,0.06],"0.52":[0,0,-0.3],"0.68":[0,0,-0.36],"1.04":[0,0,0]}},"Body":{"rotation":{"0.0":[0,0,0],"0.24":[-1,0,0],"0.52":[0,0,0],"0.76":[0.75,0,0],"1.04":[0,0,0]}},"Body2":{"rotation":{"0.0":[0,0,0],"0.32":[-0.5,0,0],"0.52":[0,0,0],"0.84":[0.5,0,0],"1.04":[0,0,0]}},"Body3":{"rotation":{"0.0":[0,0,0],"0.4":[-0.5,0,0],"0.52":[0,0,0],"0.92":[1,0,0],"1.04":[0,0,0]}},"Body4":{"rotation":{"0.0":[0,0,0],"0.4":[-1.75,0,0],"0.84":[1.75,0,0],"1.04":[0,0,0]}},"Engine":{"rotation":{"0.0":[0,0,0],"1.04":[0,0,0]},"position":{"0.0":[0,"0-math.sin(q.anim_time * 3600) * 0.1","0+math.sin(q.anim_time * 3600) * 0.05"],"1.04":[0,"0-math.sin(q.anim_time * 3600) * 0.1","0+math.sin(q.anim_time * 3600) * 0.05"]}},"Flashlight":{"rotation":{"0.0":[30,0,0],"0.2":[33.44,0,0],"0.4":[31.48,0,0],"0.68":[25.75,0,0],"0.88":[25.34,0,0],"1.04":[30,0,0]}},"Weel":{"rotation":{"0.0":[0,0,0],"0.16":[-0.4,0,0],"0.52":[2,0,0],"0.68":[2.4,0,0],"1.04":[0,0,0]}},"Weel2":{"rotation":{"0.0":[0,0,0],"1.04":[-360,0,0]}}}},"animation.steamroller.rolling":{"loop":true,"animation_length":0.52,"bones":{"Character":{"rotation":[0,0,0],"position":{"0.0":[0,0,0],"0.08":[0,0.25,0],"0.16":[0,0,0],"0.24":[0,0.25,0],"0.32":[0,0,0],"0.4":[0,0.25,0],"0.48":[0,0,0],"0.52":[0,0,0]}},"Weel":{"rotation":{"0.0":[0,0,0],"0.52":[720,0,0]}},"Weel2":{"rotation":{"0.0":[0,0,0],"0.48":[-1080,0,0]}},"Body":{"rotation":{"0.0":[-15,0,0],"0.24":[-14,0,0],"0.52":[-15,0,0]}},"Body2":{"rotation":{"0.0":[-17.5,0,0],"0.08":[-18,0,0],"0.36":[-17.5,0,0],"0.52":[-17.5,0,0]}},"Body3":{"rotation":{"0.0":[10,0,0],"0.12":[9.16,0,0],"0.32":[11.75,0,0],"0.52":[10,0,0]}},"Body4":{"rotation":{"0.0":[45,0,0],"0.12":[45.75,0,0],"0.32":[42.7627,-0.06947,-0.14228],"0.52":[45,0,0]}},"Engine":{"rotation":{"0.0":[0,0,0],"0.52":[0,0,0]},"position":{"0.0":[0,"0-math.sin(q.anim_time * 3600) * 0.1","0+math.sin(q.anim_time * 3600) * 0.05"],"0.52":[0,"0-math.sin(q.anim_time * 3600) * 0.1","0+math.sin(q.anim_time * 3600) * 0.05"]}},"Flashlight":{"rotation":{"0.0":["1.75-math.sin(q.anim_time * 3600) * 0.5",0,0],"0.12":["5.75-math.sin(q.anim_time * 3600) * 0.5",0,0],"0.36":["-1.75-math.sin(q.anim_time * 3600) * 0.5",0,0],"0.52":["1.75-math.sin(q.anim_time * 3600) * 0.5",0,0]}}}},"animation.steamroller.attack":{"loop":"hold_on_last_frame","animation_length":1.8,"bones":{"Character":{"rotation":[0,0,0],"position":{"0.0":[0,0,0],"0.12":[0,0,8],"0.28":[0,0,10.175],"0.68":[0,0,12.8],"0.8":[0,0,-10.05],"0.96":[0,0,-12.21],"1.04":[0,0,-11.81],"1.12":[0,0,-14.625],"1.2":[0,0,-11],"1.48":[0,0,0.525],"1.68":[0,0,0]}},"Weel":{"rotation":{"0.0":[0,0,0],"0.12":[-44.25,0,0],"0.28":[-63.75,0,0],"0.68":[360,0,0],"0.76":[448,0,0],"0.8":[486.86,0,0],"1.04":[1180.48192,-0.21601,-0.18964],"1.12":[1205.81869,-0.67831,-0.65296],"1.2":[1167.25,0,0],"1.48":[1075,0,0],"1.68":[1080,0,0]}},"Weel2":{"rotation":{"0.0":[0,0,0],"0.12":[172.5,0,0],"0.28":[218.57,0,0],"0.68":[-585,0,0],"0.76":[-975.71,0,0],"1.04":[-2825,0,0],"1.12":[-2881.12664,-7.76521,-7.11906],"1.48":[-2478.5,0,0],"1.68":[-2520,0,0]}},"Body":{"rotation":{"0.0":[0,0,0],"0.08":[9.75,0,0],"0.28":[-3.7,0,0],"0.68":[-20.39,0,0],"0.76":[-27.43,0,0],"1.0":[7,0,0],"1.16":[18.1,0,0],"1.48":[-4,0,0],"1.68":[0,0,0]}},"Body2":{"rotation":{"0.0":[0,0,0],"0.08":[0,0,0],"0.12":[6.25,0,0],"0.36":[-22.83527,6.76013,1.17994],"0.68":[-24.59276,6.6841,1.23071],"0.76":[-22.63,6.15,1.13],"0.84":[-42.41217,5.61522,1.03174],"0.96":[-36.35,4.81,0.88],"1.04":[-5.04167,4.00833,0.73333],"1.24":[9.84896,2.50521,0.45833],"1.48":[-2.75,0,0],"1.56":[-6.65,0,0],"1.8":[0,0,0]}},"Body3":{"rotation":{"0.0":[0,0,0],"0.12":[0,0,0],"0.24":[26.25,0,0],"0.44":[22.88,0,0],"0.68":[7.98,0,0],"0.8":[-23.91,0,0],"1.04":[-32.17,0,0],"1.12":[-28.78,0,0],"1.28":[7.93,0,0],"1.48":[-1.37,0,0],"1.6":[-12.7,0,0],"1.8":[0,0,0]}},"Body4":{"rotation":{"0.0":[0,0,0],"0.24":[0,0,0],"0.32":[9.25,0,0],"0.72":[-2,0,0],"0.84":[-26.78,0,0],"1.08":[-6.45,0,0],"1.28":[3.69,0,0],"1.4":[-4.5,0,0],"1.6":[2.67221,-0.4696,-0.45983],"1.8":[0,0,0]}},"Engine":{"rotation":[0,0,0],"position":[0,"0-math.sin(q.anim_time * 3600) * 0.1","0+math.sin(q.anim_time * 3600) * 0.05"]},"Flashlight":{"rotation":{"0.0":[30,0,0],"0.24":[17.5,0,0],"0.32":[20.63211,-0.06606,-0.00418],"0.68":[55.41078,-0.04999,-0.00316],"0.84":[96.78067,-0.04285,-0.00271],"1.08":[60.0855,-0.03214,-0.00203],"1.28":[6.72842,-0.02321,-0.00147],"1.4":[32.09878,-0.01785,-0.00113],"1.56":[48.08865,-0.60431,-0.90577],"1.8":[30,0,0]}},"UpDown":{"position":{"0.0":[0,0,0],"0.2":[0,0,0],"0.24":[0,-0.425,0],"0.28":[0,0,0],"0.32":[0,-0.425,0],"0.36":[0,0,0],"0.4":[0,-0.425,0],"0.44":[0,0,0],"0.48":[0,-0.425,0],"0.52":[0,0,0],"0.56":[0,-0.425,0],"0.6":[0,0,0],"0.64":[0,-0.425,0],"0.68":[0,0,0],"0.72":[0,0,0],"0.76":[0,-0.155,0],"0.84":[0,6.745,0],"0.92":[0,9.91,0],"0.96":[0,7.27,0],"1.04":[0,-0.425,0],"1.12":[0,-0.15,0],"1.2":[0,0,0]}}},"sound_effects":{"0.0":{"effect":"attack"}}},"animation.steamroller.loop":{"loop":true,"animation_length":6,"sound_effects":{"0.0":{"effect":"loop"}}}}}