{"format_version":"1.8.0","animations":{"animation.bronze_sentinel.idle":{"loop":true,"animation_length":1,"bones":{"Full1":{"rotation":{"0.0":[0,0,0],"1.0":[0,0,0]},"position":{"0.0":[0,0,0],"1.0":[0,0,0]}},"Full2":{"rotation":{"0.0":[0,0,0],"1.0":[0,0,0]},"position":{"0.0":[0,0,0],"1.0":[0,0,0]}},"Body":{"rotation":{"0.0":[0,0,0],"1.0":[0,0,0]},"position":{"0.0":[0,0,0],"1.0":[0,0,0]}},"breast":{"rotation":{"0.0":[0,0,0],"0.5":[5,0,0],"1.0":[0,0,0]},"position":{"0.0":[0,0,0],"1.0":[0,0,0]}},"Pelvis":{"rotation":{"0.0":[0,0,0],"1.0":[0,0,0]},"position":{"0.0":[0,0,0],"1.0":[0,0,0]}},"Head":{"rotation":{"0.0":[0,0,0],"0.25":[-4.62806,2.956,-1.05931],"0.5":[2.5,0,0],"1.0":[0,0,0]},"position":{"0.0":[0,0,0],"1.0":[0,0,0]}},"Righthand":{"rotation":{"0.0":[12.5,0,0],"1.0":[12.5,0,0]},"position":{"0.0":[0,0,0],"1.0":[0,0,0]}},"Forearm":{"rotation":{"0.0":[23.78773,18.42031,7.92945],"0.25":[18.78773,18.42031,7.92945],"0.625":[16.28773,18.42031,7.92945],"1.0":[23.78773,18.42031,7.92945]},"position":{"0.0":[0,0,0],"1.0":[0,0,0]}},"Sworld":{"rotation":{"0.0":[30,0,0],"0.25":[25,0,0],"0.5":[30,0,0],"1.0":[30,0,0]},"position":{"0.0":[0,0,0],"1.0":[0,0,0]}},"Lefthand":{"rotation":{"0.0":[0,0,-2.5],"0.5":[-7.5,0,-2.5],"1.0":[0,0,-2.5]},"position":{"0.0":[0,0,0],"1.0":[0,0,0]}},"Forearm2":{"rotation":{"0.0":[25,0,0],"0.25":[28.75,0,0],"0.5":[25,0,0],"0.75":[22.5,0,0],"1.0":[25,0,0]},"position":{"0.0":[0,0,0],"1.0":[0,0,0]}},"Leftleg":{"rotation":{"0.0":[0,0,0],"1.0":[0,0,0]},"position":{"0.0":[0,0,0],"1.0":[0,0,0]}},"Leftknee":{"rotation":{"0.0":[0,0,0],"1.0":[0,0,0]},"position":{"0.0":[0,0,0],"1.0":[0,0,0]}},"Rightleg":{"rotation":{"0.0":[0,0,0],"1.0":[0,0,0]},"position":{"0.0":[0,0,0],"1.0":[0,0,0]}},"Rightknee":{"rotation":{"0.0":[0,0,0],"1.0":[0,0,0]},"position":{"0.0":[0,0,0],"1.0":[0,0,0]}},"Foot2":{"rotation":{"0.0":[0,0,0],"1.0":[0,0,0]},"position":{"0.0":[0,0,0],"1.0":[0,0,0]}},"Foot3":{"rotation":{"0.0":[0,0,0],"1.0":[0,0,0]},"position":{"0.0":[0,0,0],"1.0":[0,0,0]}}}},"animation.bronze_sentinel.walk":{"loop":true,"animation_length":1,"bones":{"Full1":{"position":{"0.0":[0,-2,0],"0.25":[0,0.4,0],"0.375":[0,0.2,0],"0.5":[0,-2,0],"0.625":[0,0,0],"0.7917":[0,1.11,0],"0.9167":[0,0.24,0],"1.0":[0,-2,0]}},"breast":{"rotation":{"0.0":[12.8759,9.51978,3.26754],"0.25":[12.67215,3.95683,-1.05961],"0.5":[12.78218,-2.70983,-3],"0.75":[12.96215,2.84695,-3.67566],"1.0":[12.8759,9.51978,3.26754]}},"Head":{"rotation":{"0.0":[9.57773,-15.19902,-0.11744],"0.5":[10,0,0],"1.0":[9.57773,-15.19902,-0.11744]}},"Righthand":{"rotation":{"0.0":[1.29717,4.82922,15.0547],"0.25":[6.86113,2.46322,17.43194],"0.5":[1.71683,4.6983,20.06561],"1.0":[1.3,4.83,15.05]}},"Forearm":{"rotation":{"0.0":[27.5,0,0],"0.25":[12.5,0,0],"0.5":[30,0,0],"1.0":[27.5,0,0]}},"Sworld":{"rotation":{"0.0":[21.50886,6.31799,7.69101],"0.5":[31.46945,14.49109,0.4754],"1.0":[21.50886,6.31799,7.69101]}},"Lefthand":{"rotation":{"0.0":[30.00851,-1.36891,-9.11817],"0.25":[8.8035,-2.36773,-3.99093],"0.5":[-4.6246,-3.7317,-2.55143],"0.5833":[-4.6246,-3.7317,-2.55143],"1.0":[30.00851,-1.36891,-9.11817]}},"Forearm2":{"rotation":{"0.0":[-25,0,0],"0.25":[-0.11808,2.50287,0.71073],"0.5":[-27.46447,1.88875,2.70077],"1.0":[-25,0,0]}},"Leftleg":{"rotation":{"0.0":[-32.5,0,0],"0.5":[40,0,0],"0.75":[3.75,0,0],"0.875":[-34.375,0,0],"1.0":[-32.5,0,0]}},"Leftknee":{"rotation":{"0.0":[2.5,0,0],"0.25":[-14.92971,-0.28094,0.79924],"0.5":[15,0,0],"0.75":[49.37795,3.68053,-4.54093],"0.875":[47.86832,3.20566,-6.26902],"1.0":[2.5,0,0]}},"Rightleg":{"rotation":{"0.0":[47.5,0,0],"0.25":[3.75,0,0],"0.375":[-40.625,0,0],"0.5":[-40,0,0],"1.0":[47.5,0,0]}},"Rightknee":{"rotation":{"0.0":[2.5,0,0],"0.25":[55,0,0],"0.5":[2.5,0,0],"0.75":[-10,0,0],"1.0":[2.5,0,0]},"position":{"0.0":[0,-0.73728,0.67559],"0.5":[0,-0.73728,0.67559],"1.0":[0,-0.73728,0.67559]}},"Foot2":{"rotation":{"0.0":[0,0,0],"0.25":[41.25,0,0],"0.5":[27.5,0,0],"1.0":[0,0,0]}},"Foot3":{"rotation":{"0.0":[22.5,0,0],"0.25":[12.50057,0.06281,0.03894],"0.5":[12.5,0,0],"0.75":[60,0,0],"1.0":[22.5,0,0]}}},"sound_effects":{"0.0":{"effect":"walk"},"0.5":{"effect":"walk"}}},"animation.bronze_sentinel.attack":{"loop":true,"animation_length":1.4583,"bones":{"Full1":{"rotation":{"0.0":[0,0,0],"0.25":[0,0,2.5],"0.5":[0,0,0],"0.625":[0,0,0],"1.4583":[0,0,0]},"position":{"0.0":[0,0,0],"0.5":[0,0,0],"0.625":[0,0,0],"1.4583":[0,0,0]}},"Full2":{"rotation":{"0.0":[0,0,0],"0.5":[-12.5,0,0],"0.625":[-12.5,0,0],"1.4583":[0,0,0]},"position":{"0.0":[0,0,0],"0.5":[0,0,0],"0.625":[0,0,0],"1.4583":[0,0,0]}},"Body":{"rotation":{"0.0":[0,0,0],"0.5":[0,0,0],"0.625":[0,0,0],"1.4583":[0,0,0]},"position":{"0.0":[0,0,0],"0.5":[0,0,0],"0.625":[0,0,0],"1.4583":[0,0,0]}},"breast":{"rotation":{"0.0":[0,0,0],"0.1667":[17.5,0,0],"0.5":[-25,0,0],"0.625":[-35,0,0],"0.8333":[62.5,0,0],"1.4583":[0,0,0]},"position":{"0.0":[0,0,0],"0.5":[0,0,0],"0.625":[0,0,0],"1.4583":[0,0,0]}},"Head":{"rotation":{"0.0":[0,0,0],"0.5":[30,0,0],"0.625":[40,0,0],"0.6667":[7.5,0,0],"0.8333":[-29.96316,1.66203,-1.21154],"1.4583":[0,0,0]},"position":{"0.0":[0,0,0],"0.5":[0,0,0],"0.625":[0,0,0],"1.4583":[0,0,0]}},"Pelvis":{"rotation":{"0.0":[0,0,0],"0.5":[0,0,0],"0.625":[12.5,0,0],"1.4583":[0,0,0]},"position":{"0.0":[0,0,0],"0.5":[0,0,0],"0.625":[0,0,0],"1.4583":[0,0,0]}},"Righthand":{"rotation":{"0.0":[12.5,0,0],"0.1667":[-20.23137,-11.78647,-4.1227],"0.5":[-96.07619,-19.24592,18.7953],"0.625":[-96.07619,-19.24592,18.7953],"0.7083":[-108.31341,-14.83125,22.39618],"0.8333":[-50.38534,-26.64916,0.10103],"1.4583":[12.5,0,0]},"position":{"0.0":[0,0,0],"0.1667":[0,0,0],"0.5":[-1,1,0],"0.625":[-1,1,0],"0.8333":[-1,-0.40883,-0.12326],"1.4583":[0,0,0]}},"Forearm":{"rotation":{"0.0":[23.78773,18.42031,7.92945],"0.5":[12.15211,-16.20074,-5.10549],"0.625":[12.15211,-16.20074,-5.10549],"0.7083":[-13.11252,-30.3061,7.51662],"0.8333":[23.59744,-12.57218,-18.41936],"1.4583":[23.78773,18.42031,7.92945]},"position":{"0.0":[0,0,0],"0.5":[0,0,0],"0.625":[0,0,0],"1.4583":[0,0,0]}},"Sworld":{"rotation":{"0.0":[30,0,0],"0.1667":[4.26635,-2.0811,-9.09266],"0.5":[-1.82302,45.89827,5.53394],"0.625":[-1.82302,45.89827,5.53394],"0.7083":[4.88829,51.58318,17.96954],"0.8333":[42.81422,54.33505,28.94335],"1.4583":[30,0,0]},"position":{"0.0":[0,0,0],"0.5":[0,0,0],"0.625":[0,0,0],"1.4583":[0,0,0]},"scale":{"0.0":[1,1,1],"0.625":[1,1,1],"0.7083":[1,1,1],"0.7917":[1.3,1.4,1.4],"0.8333":[1,1,1],"1.4583":[1,1,1]}},"Lefthand":{"rotation":{"0.0":[0,0,-2.5],"0.1667":[-42.92005,12.49351,10.00254],"0.5":[-95.26519,33.31315,29.83954],"0.625":[-95.26519,33.31315,29.83954],"0.8333":[-35.08593,-15.04019,41.35752],"1.4583":[0,0,-2.5]},"position":{"0.0":[0,0,0],"0.5":[0,0,0],"0.625":[0,0,0],"1.4583":[0,0,0]}},"Forearm2":{"rotation":{"0.0":[25,0,0],"0.1667":[28.40126,10.62805,5.96978],"0.5":[40.35821,17.71352,15.30177],"0.625":[44.08532,21.99107,15.75133],"0.7083":[3.81785,40.82854,9.9656],"1.4583":[25,0,0]},"position":{"0.0":[0,0,0],"0.5":[0,0,0],"0.625":[0.124,-0.85115,-0.51007],"1.4583":[0,0,0]}},"Leftleg":{"rotation":{"0.0":[0,0,0],"0.5":[0,0,0],"0.625":[0,0,0],"1.4583":[0,0,0]},"position":{"0.0":[0,0,0],"0.5":[0,0,0],"0.625":[0,0,0],"1.4583":[0,0,0]}},"Leftknee":{"rotation":{"0.0":[0,0,0],"0.5":[0,0,0],"0.625":[0,0,0],"1.4583":[0,0,0]},"position":{"0.0":[0,0,0],"0.5":[0,0,0],"0.625":[0,0,0],"1.4583":[0,0,0]}},"Rightleg":{"rotation":{"0.0":[0,0,0],"0.25":[37.5,0,0],"0.5":[45,0,0],"0.6667":[45,0,0],"0.8333":[27.5,0,0],"1.125":[-2.83333,0,0],"1.4583":[0,0,0]},"position":{"0.0":[0,0,0],"0.5":[0,0,0],"0.6667":[0,0,0],"0.8333":[0,0,0],"1.4583":[0,0,0]}},"Rightknee":{"rotation":{"0.0":[0,0,0],"0.2083":[30,0,0],"0.5":[0,0,0],"0.625":[0,0,0],"0.8333":[25,0,0],"1.4583":[0,0,0]},"position":{"0.0":[0,0,0],"0.5":[0,0,0],"0.625":[0,0,0],"1.4583":[0,0,0]}},"Foot2":{"rotation":{"0.0":[0,0,0],"0.5":[-15,0,0],"0.625":[-15,0,0],"1.4583":[0,0,0]},"position":{"0.0":[0,0,0],"0.5":[0,0,0],"0.625":[0,0,0],"1.4583":[0,0,0]}},"Foot3":{"rotation":{"0.0":[0,0,0],"0.5":[15,0,0],"0.625":[15,0,0],"1.4583":[0,0,0]},